{"cameraMode":{"drawMode":0,"name":"Shaded","section":"Shading Mode"},"sceneLighting":true,"audioPlay":false,"sceneViewState":{"m_AlwaysRefresh":false,"showFog":true,"showSkybox":true,"showFlares":true,"showImageEffects":true,"showParticleSystems":true,"showVisualEffectGraphs":true,"m_FxEnabled":true},"in2DMode":false,"pivot":{"x":-156.43544006347657,"y":-9.160198211669922,"z":-192.49249267578126},"rotation":{"x":0.043979592621326449,"y":-0.9381202459335327,"z":0.12848849594593049,"w":0.31882908940315249},"size":230.49693298339845,"orthographic":false}