{"cameraMode":{"drawMode":0,"name":"Shaded","section":"Shading Mode"},"sceneLighting":true,"audioPlay":false,"sceneViewState":{"m_AlwaysRefresh":false,"showFog":true,"showSkybox":true,"showFlares":true,"showImageEffects":true,"showParticleSystems":true,"showVisualEffectGraphs":true,"m_FxEnabled":true},"in2DMode":false,"pivot":{"x":994.830810546875,"y":517.4840087890625,"z":194.7862548828125},"rotation":{"x":0.03418441489338875,"y":-0.007523177191615105,"z":-0.00024638636386953294,"w":-0.9994332194328308},"size":1238.5157470703125,"orthographic":false}