{"cameraMode":{"drawMode":0,"name":"Shaded","section":"Shading Mode"},"sceneLighting":true,"audioPlay":false,"sceneViewState":{"m_AlwaysRefresh":false,"showFog":true,"showSkybox":true,"showFlares":true,"showImageEffects":true,"showParticleSystems":true,"showVisualEffectGraphs":true,"m_FxEnabled":true},"in2DMode":false,"pivot":{"x":-14.215035438537598,"y":4.6153764724731449,"z":19.10929298400879},"rotation":{"x":0.031638793647289279,"y":0.37717461585998537,"z":0.012946190312504769,"w":-0.9255527257919312},"size":2.248483896255493,"orthographic":false}