{"cameraMode":{"drawMode":0,"name":"Shaded","section":"Shading Mode"},"sceneLighting":false,"audioPlay":false,"sceneViewState":{"m_AlwaysRefresh":false,"showFog":true,"showSkybox":false,"showFlares":true,"showImageEffects":true,"showParticleSystems":true,"showVisualEffectGraphs":true,"m_FxEnabled":true},"in2DMode":false,"pivot":{"x":0.08429284393787384,"y":-0.12353405356407166,"z":-0.5943617820739746},"rotation":{"x":0.2578131854534149,"y":0.38557958602905276,"z":-0.11295831203460694,"w":0.8787696957588196},"size":0.38708949089050295,"orthographic":false}