{"cameraMode":{"drawMode":0,"name":"Shaded","section":"Shading Mode"},"sceneLighting":false,"audioPlay":false,"sceneViewState":{"m_AlwaysRefresh":false,"showFog":true,"showSkybox":false,"showFlares":true,"showImageEffects":true,"showParticleSystems":true,"showVisualEffectGraphs":true,"m_FxEnabled":true},"in2DMode":false,"pivot":{"x":-0.14461390674114228,"y":0.08723434805870056,"z":-0.005133386235684156},"rotation":{"x":-0.000862299813888967,"y":0.9634448885917664,"z":0.0031695053912699224,"w":0.2687186598777771},"size":2.4463744163513185,"orthographic":false}