{"cameraMode":{"drawMode":0,"name":"Shaded","section":"Shading Mode"},"sceneLighting":false,"audioPlay":false,"sceneViewState":{"m_AlwaysRefresh":false,"showFog":true,"showSkybox":false,"showFlares":true,"showImageEffects":true,"showParticleSystems":true,"showVisualEffectGraphs":true,"m_FxEnabled":true},"in2DMode":false,"pivot":{"x":7.609661102294922,"y":1.7262930870056153,"z":10.183028221130371},"rotation":{"x":0.037723757326602939,"y":-0.9610126614570618,"z":0.1662517637014389,"w":0.21784311532974244},"size":2.161012887954712,"orthographic":false}