{"cameraMode":{"drawMode":0,"name":"Shaded","section":"Shading Mode"},"sceneLighting":false,"audioPlay":false,"sceneViewState":{"m_AlwaysRefresh":false,"showFog":true,"showSkybox":false,"showFlares":true,"showImageEffects":true,"showParticleSystems":true,"showVisualEffectGraphs":true,"m_FxEnabled":true},"in2DMode":false,"pivot":{"x":0.2724088430404663,"y":0.4837665557861328,"z":-0.9274694919586182},"rotation":{"x":-0.0004985086270608008,"y":0.9996540546417236,"z":-0.029714519158005716,"w":-0.01599305309355259},"size":4.98591423034668,"orthographic":false}