{"cameraMode":{"drawMode":0,"name":"Shaded","section":"Shading Mode"},"sceneLighting":false,"audioPlay":false,"sceneViewState":{"m_AlwaysRefresh":false,"showFog":true,"showSkybox":false,"showFlares":true,"showImageEffects":true,"showParticleSystems":true,"showVisualEffectGraphs":true,"m_FxEnabled":true},"in2DMode":false,"pivot":{"x":2.1560096740722658,"y":0.8899999856948853,"z":8.600000381469727},"rotation":{"x":-0.09337451308965683,"y":0.5154488682746887,"z":-0.056251637637615207,"w":-0.8500648140907288},"size":1.0702390670776368,"orthographic":false}